{
  "en": {
    "clean": {
      "snr": Infinity,
      "per": 0.34615384615384615
    },
    "snr-5": {
      "snr": -5.0,
      "per": 0.6153846153846154
    },
    "snr10": {
      "snr": 10.0,
      "per": 0.46153846153846156
    },
    "snr0": {
      "snr": 0.0,
      "per": 0.5
    },
    "snr5": {
      "snr": 5.0,
      "per": 0.34615384615384615
    },
    "snr20": {
      "snr": 20.0,
      "per": 0.3076923076923077
    }
  }
}