{
  "en": {
    "clean": {
      "snr": Infinity,
      "per": 0.34615384615384615
    },
    "snr-5": {
      "snr": -5.0,
      "per": 0.5769230769230769
    },
    "snr10": {
      "snr": 10.0,
      "per": 0.4230769230769231
    },
    "snr0": {
      "snr": 0.0,
      "per": 0.5
    },
    "snr5": {
      "snr": 5.0,
      "per": 0.34615384615384615
    },
    "snr20": {
      "snr": 20.0,
      "per": 0.38461538461538464
    }
  },
  "fr": {
    "clean": {
      "snr": Infinity,
      "per": 0.5625
    },
    "snr-5": {
      "snr": -5.0,
      "per": 0.875
    },
    "snr10": {
      "snr": 10.0,
      "per": 0.625
    },
    "snr0": {
      "snr": 0.0,
      "per": 0.6875
    },
    "snr5": {
      "snr": 5.0,
      "per": 0.625
    },
    "snr20": {
      "snr": 20.0,
      "per": 0.5625
    }
  }
}